Workbook

Sheet README
A1: SEGNAR Ablation Scoring Workbook
A3: How to use
A4: 1. NoKG_Scores: enter dimension scores for the 6 no-KG scenarios in the YELLOW cells.
A5: 2. KG_Scores: paste per-scenario dimension scores for the 12 existing Type 1 and Type 3 scenarios (from your evaluation workbooks) in the YELLOW cells.
A6: 3. Comparison: computed automatically (means, SD, difference, Welch two-tailed t-test p-values).
A8: Legend
A9: Yellow fill + blue text = cells you fill in. Black text = formulas, do not edit.
A11: Pre-registered rules (see Ablation_Protocol.md)
A12: D1 is scored against the real KG/CSVs in both conditions; in the no-KG condition it is near zero by construction and is excluded from inferential tests.
A13: Primary comparison metric = Adjusted Score /70 = D2+D3+D4+D5+D6.
A14: Deployment-ready = Total >= 70 AND D1>=24, D2>=18, D3>=14, D4>=10, D5>=4, D6>=3 (manuscript Section 4.1.2.1).
A16: The row marked EXAMPLE in NoKG_Scores shows the expected format. Overwrite it with real values; it sits inside the scored range on purpose.

Sheet NoKG_Scores
A1: Scenario | B1: Domain | C1: Type | D1: D1 (max 30) | E1: D2 (max 25) | F1: D3 (max 20) | G1: D4 (max 15) | H1: D5 (max 5) | I1: D6 (max 5) | J1: Total /100 | K1: Adjusted /70 | L1: Deployment-ready?
A2: NoKG-SAR-T1 | B2: SAR | C2: 1 Decision-Making | D2: 0 | E2: 18 | F2: 16.5 | G2: 14 | H2: 5 | I2: 1 | J2: =IF(COUNT(D2:I2)=6,SUM(D2:I2),"") -> 54.5 | K2: =IF(COUNT(E2:I2)=5,SUM(E2:I2),"") -> 54.5 | L2: =IF(COUNT(D2:I2)<6,"",IF(AND(J2>=70,D2>=24,E2>=18,F2>=14,G2>=10,H2>=4,I2>=3),"YES","NO")) -> NO
A3: NoKG-SAR-T3 | B3: SAR | C3: 3 Resource Opt. | D3: 0 | E3: 18 | F3: 15.5 | G3: 12 | H3: 5 | I3: 1 | J3: =IF(COUNT(D3:I3)=6,SUM(D3:I3),"") -> 51.5 | K3: =IF(COUNT(E3:I3)=5,SUM(E3:I3),"") -> 51.5 | L3: =IF(COUNT(D3:I3)<6,"",IF(AND(J3>=70,D3>=24,E3>=18,F3>=14,G3>=10,H3>=4,I3>=3),"YES","NO")) -> NO
A4: NoKG-BS-T1 | B4: Border Security | C4: 1 Decision-Making | D4: 0 | E4: 17.5 | F4: 14.5 | G4: 12.5 | H4: 5 | I4: 1 | J4: =IF(COUNT(D4:I4)=6,SUM(D4:I4),"") -> 50.5 | K4: =IF(COUNT(E4:I4)=5,SUM(E4:I4),"") -> 50.5 | L4: =IF(COUNT(D4:I4)<6,"",IF(AND(J4>=70,D4>=24,E4>=18,F4>=14,G4>=10,H4>=4,I4>=3),"YES","NO")) -> NO
A5: NoKG-BS-T3 | B5: Border Security | C5: 3 Resource Opt. | D5: 0 | E5: 17.5 | F5: 11.5 | G5: 12 | H5: 5 | I5: 1 | J5: =IF(COUNT(D5:I5)=6,SUM(D5:I5),"") -> 47 | K5: =IF(COUNT(E5:I5)=5,SUM(E5:I5),"") -> 47 | L5: =IF(COUNT(D5:I5)<6,"",IF(AND(J5>=70,D5>=24,E5>=18,F5>=14,G5>=10,H5>=4,I5>=3),"YES","NO")) -> NO
A6: NoKG-NEG-T1 | B6: Crisis Negotiation | C6: 1 Decision-Making | D6: 0 | E6: 18.5 | F6: 14.5 | G6: 14 | H6: 5 | I6: 1.5 | J6: =IF(COUNT(D6:I6)=6,SUM(D6:I6),"") -> 53.5 | K6: =IF(COUNT(E6:I6)=5,SUM(E6:I6),"") -> 53.5 | L6: =IF(COUNT(D6:I6)<6,"",IF(AND(J6>=70,D6>=24,E6>=18,F6>=14,G6>=10,H6>=4,I6>=3),"YES","NO")) -> NO
A7: NoKG-NEG-T3 | B7: Crisis Negotiation | C7: 3 Resource Opt. | D7: 0 | E7: 20.5 | F7: 16.5 | G7: 15 | H7: 5 | I7: 1.5 | J7: =IF(COUNT(D7:I7)=6,SUM(D7:I7),"") -> 58.5 | K7: =IF(COUNT(E7:I7)=5,SUM(E7:I7),"") -> 58.5 | L7: =IF(COUNT(D7:I7)<6,"",IF(AND(J7>=70,D7>=24,E7>=18,F7>=14,G7>=10,H7>=4,I7>=3),"YES","NO")) -> NO

Sheet KG_Scores
A1: Scenario | B1: Domain | C1: Type | D1: D1 (max 30) | E1: D2 (max 25) | F1: D3 (max 20) | G1: D4 (max 15) | H1: D5 (max 5) | I1: D6 (max 5) | J1: Total /100 | K1: Adjusted /70 | L1: Deployment-ready?
A2: KG-SAR-1.1 | B2: SAR | C2: 1 Decision-Making | J2: =IF(COUNT(D2:I2)=6,SUM(D2:I2),"") | K2: =IF(COUNT(E2:I2)=5,SUM(E2:I2),"") | L2: =IF(COUNT(D2:I2)<6,"",IF(AND(J2>=70,D2>=24,E2>=18,F2>=14,G2>=10,H2>=4,I2>=3),"YES","NO"))
A3: KG-SAR-1.2 | B3: SAR | C3: 1 Decision-Making | J3: =IF(COUNT(D3:I3)=6,SUM(D3:I3),"") | K3: =IF(COUNT(E3:I3)=5,SUM(E3:I3),"") | L3: =IF(COUNT(D3:I3)<6,"",IF(AND(J3>=70,D3>=24,E3>=18,F3>=14,G3>=10,H3>=4,I3>=3),"YES","NO"))
A4: KG-SAR-3.1 | B4: SAR | C4: 3 Resource Opt. | J4: =IF(COUNT(D4:I4)=6,SUM(D4:I4),"") | K4: =IF(COUNT(E4:I4)=5,SUM(E4:I4),"") | L4: =IF(COUNT(D4:I4)<6,"",IF(AND(J4>=70,D4>=24,E4>=18,F4>=14,G4>=10,H4>=4,I4>=3),"YES","NO"))
A5: KG-SAR-3.2 | B5: SAR | C5: 3 Resource Opt. | J5: =IF(COUNT(D5:I5)=6,SUM(D5:I5),"") | K5: =IF(COUNT(E5:I5)=5,SUM(E5:I5),"") | L5: =IF(COUNT(D5:I5)<6,"",IF(AND(J5>=70,D5>=24,E5>=18,F5>=14,G5>=10,H5>=4,I5>=3),"YES","NO"))
A6: KG-BS-1.1 | B6: Border Security | C6: 1 Decision-Making | J6: =IF(COUNT(D6:I6)=6,SUM(D6:I6),"") | K6: =IF(COUNT(E6:I6)=5,SUM(E6:I6),"") | L6: =IF(COUNT(D6:I6)<6,"",IF(AND(J6>=70,D6>=24,E6>=18,F6>=14,G6>=10,H6>=4,I6>=3),"YES","NO"))
A7: KG-BS-1.2 | B7: Border Security | C7: 1 Decision-Making | J7: =IF(COUNT(D7:I7)=6,SUM(D7:I7),"") | K7: =IF(COUNT(E7:I7)=5,SUM(E7:I7),"") | L7: =IF(COUNT(D7:I7)<6,"",IF(AND(J7>=70,D7>=24,E7>=18,F7>=14,G7>=10,H7>=4,I7>=3),"YES","NO"))
A8: KG-BS-3.1 | B8: Border Security | C8: 3 Resource Opt. | J8: =IF(COUNT(D8:I8)=6,SUM(D8:I8),"") | K8: =IF(COUNT(E8:I8)=5,SUM(E8:I8),"") | L8: =IF(COUNT(D8:I8)<6,"",IF(AND(J8>=70,D8>=24,E8>=18,F8>=14,G8>=10,H8>=4,I8>=3),"YES","NO"))
A9: KG-BS-3.2 | B9: Border Security | C9: 3 Resource Opt. | J9: =IF(COUNT(D9:I9)=6,SUM(D9:I9),"") | K9: =IF(COUNT(E9:I9)=5,SUM(E9:I9),"") | L9: =IF(COUNT(D9:I9)<6,"",IF(AND(J9>=70,D9>=24,E9>=18,F9>=14,G9>=10,H9>=4,I9>=3),"YES","NO"))
A10: KG-NEG-1.1 | B10: Crisis Negotiation | C10: 1 Decision-Making | J10: =IF(COUNT(D10:I10)=6,SUM(D10:I10),"") | K10: =IF(COUNT(E10:I10)=5,SUM(E10:I10),"") | L10: =IF(COUNT(D10:I10)<6,"",IF(AND(J10>=70,D10>=24,E10>=18,F10>=14,G10>=10,H10>=4,I10>=3),"YES","NO"))
A11: KG-NEG-1.2 | B11: Crisis Negotiation | C11: 1 Decision-Making | J11: =IF(COUNT(D11:I11)=6,SUM(D11:I11),"") | K11: =IF(COUNT(E11:I11)=5,SUM(E11:I11),"") | L11: =IF(COUNT(D11:I11)<6,"",IF(AND(J11>=70,D11>=24,E11>=18,F11>=14,G11>=10,H11>=4,I11>=3),"YES","NO"))
A12: KG-NEG-3.1 | B12: Crisis Negotiation | C12: 3 Resource Opt. | J12: =IF(COUNT(D12:I12)=6,SUM(D12:I12),"") | K12: =IF(COUNT(E12:I12)=5,SUM(E12:I12),"") | L12: =IF(COUNT(D12:I12)<6,"",IF(AND(J12>=70,D12>=24,E12>=18,F12>=14,G12>=10,H12>=4,I12>=3),"YES","NO"))
A13: KG-NEG-3.2 | B13: Crisis Negotiation | C13: 3 Resource Opt. | J13: =IF(COUNT(D13:I13)=6,SUM(D13:I13),"") | K13: =IF(COUNT(E13:I13)=5,SUM(E13:I13),"") | L13: =IF(COUNT(D13:I13)<6,"",IF(AND(J13>=70,D13>=24,E13>=18,F13>=14,G13>=10,H13>=4,I13>=3),"YES","NO"))
A15: Paste per-scenario dimension scores from your existing evaluation workbooks. Type-level total means for cross-checking: SAR T1=89.5, T3=81.0; BS T1=86.0, T3=75.5; NEG T1=85.0, T3=72.5 (manuscript Tables 3, 5, 7).

Sheet Comparison
A1: Metric | B1: KG mean (n=12) | C1: KG SD | D1: No-KG mean (n=6) | E1: No-KG SD | F1: Difference (KG - NoKG) | G1: Welch t-test p (two-tailed) | H1: Note
A2: D1: KG Grounding /30 | B2: =IF(COUNT(KG_Scores!D2:D13)=0,"",AVERAGE(KG_Scores!D2:D13)) | C2: =IF(COUNT(KG_Scores!D2:D13)<2,"",STDEV(KG_Scores!D2:D13)) | D2: =IF(COUNT(NoKG_Scores!D2:D7)=0,"",AVERAGE(NoKG_Scores!D2:D7)) -> 0 | E2: =IF(COUNT(NoKG_Scores!D2:D7)<2,"",STDEV(NoKG_Scores!D2:D7)) -> 0 | F2: =IF(OR(COUNT(KG_Scores!D2:D13)=0,COUNT(NoKG_Scores!D2:D7)=0),"",AVERAGE(KG_Scores!D2:D13)-AVERAGE(NoKG_Scores!D2:D7)) | G2: n/a | H2: Descriptive only (near zero by construction in No-KG)
A3: D2: Pedagogical Quality /25 | B3: =IF(COUNT(KG_Scores!E2:E13)=0,"",AVERAGE(KG_Scores!E2:E13)) | C3: =IF(COUNT(KG_Scores!E2:E13)<2,"",STDEV(KG_Scores!E2:E13)) | D3: =IF(COUNT(NoKG_Scores!E2:E7)=0,"",AVERAGE(NoKG_Scores!E2:E7)) -> 18.333333 | E3: =IF(COUNT(NoKG_Scores!E2:E7)<2,"",STDEV(NoKG_Scores!E2:E7)) -> 1.1254629 | F3: =IF(OR(COUNT(KG_Scores!E2:E13)=0,COUNT(NoKG_Scores!E2:E7)=0),"",AVERAGE(KG_Scores!E2:E13)-AVERAGE(NoKG_Scores!E2:E7)) | G3: =IF(OR(COUNT(KG_Scores!E2:E13)<2,COUNT(NoKG_Scores!E2:E7)<2),"",TTEST(KG_Scores!E2:E13,NoKG_Scores!E2:E7,2,3))
A4: D3: Operational Realism /20 | B4: =IF(COUNT(KG_Scores!F2:F13)=0,"",AVERAGE(KG_Scores!F2:F13)) | C4: =IF(COUNT(KG_Scores!F2:F13)<2,"",STDEV(KG_Scores!F2:F13)) | D4: =IF(COUNT(NoKG_Scores!F2:F7)=0,"",AVERAGE(NoKG_Scores!F2:F7)) -> 14.833333 | E4: =IF(COUNT(NoKG_Scores!F2:F7)<2,"",STDEV(NoKG_Scores!F2:F7)) -> 1.8618987 | F4: =IF(OR(COUNT(KG_Scores!F2:F13)=0,COUNT(NoKG_Scores!F2:F7)=0),"",AVERAGE(KG_Scores!F2:F13)-AVERAGE(NoKG_Scores!F2:F7)) | G4: =IF(OR(COUNT(KG_Scores!F2:F13)<2,COUNT(NoKG_Scores!F2:F7)<2),"",TTEST(KG_Scores!F2:F13,NoKG_Scores!F2:F7,2,3))
A5: D4: Decision Complexity /15 | B5: =IF(COUNT(KG_Scores!G2:G13)=0,"",AVERAGE(KG_Scores!G2:G13)) | C5: =IF(COUNT(KG_Scores!G2:G13)<2,"",STDEV(KG_Scores!G2:G13)) | D5: =IF(COUNT(NoKG_Scores!G2:G7)=0,"",AVERAGE(NoKG_Scores!G2:G7)) -> 13.25 | E5: =IF(COUNT(NoKG_Scores!G2:G7)<2,"",STDEV(NoKG_Scores!G2:G7)) -> 1.25499 | F5: =IF(OR(COUNT(KG_Scores!G2:G13)=0,COUNT(NoKG_Scores!G2:G7)=0),"",AVERAGE(KG_Scores!G2:G13)-AVERAGE(NoKG_Scores!G2:G7)) | G5: =IF(OR(COUNT(KG_Scores!G2:G13)<2,COUNT(NoKG_Scores!G2:G7)<2),"",TTEST(KG_Scores!G2:G13,NoKG_Scores!G2:G7,2,3))
A6: D5: Structural Completeness /5 | B6: =IF(COUNT(KG_Scores!H2:H13)=0,"",AVERAGE(KG_Scores!H2:H13)) | C6: =IF(COUNT(KG_Scores!H2:H13)<2,"",STDEV(KG_Scores!H2:H13)) | D6: =IF(COUNT(NoKG_Scores!H2:H7)=0,"",AVERAGE(NoKG_Scores!H2:H7)) -> 5 | E6: =IF(COUNT(NoKG_Scores!H2:H7)<2,"",STDEV(NoKG_Scores!H2:H7)) -> 0 | F6: =IF(OR(COUNT(KG_Scores!H2:H13)=0,COUNT(NoKG_Scores!H2:H7)=0),"",AVERAGE(KG_Scores!H2:H13)-AVERAGE(NoKG_Scores!H2:H7)) | G6: =IF(OR(COUNT(KG_Scores!H2:H13)<2,COUNT(NoKG_Scores!H2:H7)<2),"",TTEST(KG_Scores!H2:H13,NoKG_Scores!H2:H7,2,3))
A7: D6: Facilitator Support /5 | B7: =IF(COUNT(KG_Scores!I2:I13)=0,"",AVERAGE(KG_Scores!I2:I13)) | C7: =IF(COUNT(KG_Scores!I2:I13)<2,"",STDEV(KG_Scores!I2:I13)) | D7: =IF(COUNT(NoKG_Scores!I2:I7)=0,"",AVERAGE(NoKG_Scores!I2:I7)) -> 1.1666667 | E7: =IF(COUNT(NoKG_Scores!I2:I7)<2,"",STDEV(NoKG_Scores!I2:I7)) -> 0.25819889 | F7: =IF(OR(COUNT(KG_Scores!I2:I13)=0,COUNT(NoKG_Scores!I2:I7)=0),"",AVERAGE(KG_Scores!I2:I13)-AVERAGE(NoKG_Scores!I2:I7)) | G7: =IF(OR(COUNT(KG_Scores!I2:I13)<2,COUNT(NoKG_Scores!I2:I7)<2),"",TTEST(KG_Scores!I2:I13,NoKG_Scores!I2:I7,2,3))
A8: Total /100 | B8: =IF(COUNT(KG_Scores!J2:J13)=0,"",AVERAGE(KG_Scores!J2:J13)) | C8: =IF(COUNT(KG_Scores!J2:J13)<2,"",STDEV(KG_Scores!J2:J13)) | D8: =IF(COUNT(NoKG_Scores!J2:J7)=0,"",AVERAGE(NoKG_Scores!J2:J7)) -> 52.583333 | E8: =IF(COUNT(NoKG_Scores!J2:J7)<2,"",STDEV(NoKG_Scores!J2:J7)) -> 3.9040577 | F8: =IF(OR(COUNT(KG_Scores!J2:J13)=0,COUNT(NoKG_Scores!J2:J7)=0),"",AVERAGE(KG_Scores!J2:J13)-AVERAGE(NoKG_Scores!J2:J7)) | G8: =IF(OR(COUNT(KG_Scores!J2:J13)<2,COUNT(NoKG_Scores!J2:J7)<2),"",TTEST(KG_Scores!J2:J13,NoKG_Scores!J2:J7,2,3)) | H8: Includes D1; interpret with caution
A9: Adjusted Score /70 | B9: =IF(COUNT(KG_Scores!K2:K13)=0,"",AVERAGE(KG_Scores!K2:K13)) | C9: =IF(COUNT(KG_Scores!K2:K13)<2,"",STDEV(KG_Scores!K2:K13)) | D9: =IF(COUNT(NoKG_Scores!K2:K7)=0,"",AVERAGE(NoKG_Scores!K2:K7)) -> 52.583333 | E9: =IF(COUNT(NoKG_Scores!K2:K7)<2,"",STDEV(NoKG_Scores!K2:K7)) -> 3.9040577 | F9: =IF(OR(COUNT(KG_Scores!K2:K13)=0,COUNT(NoKG_Scores!K2:K7)=0),"",AVERAGE(KG_Scores!K2:K13)-AVERAGE(NoKG_Scores!K2:K7)) | G9: =IF(OR(COUNT(KG_Scores!K2:K13)<2,COUNT(NoKG_Scores!K2:K7)<2),"",TTEST(KG_Scores!K2:K13,NoKG_Scores!K2:K7,2,3)) | H9: PRIMARY comparison metric
A11: Deployment-ready count, KG condition | B11: =COUNTIF(KG_Scores!L2:L13,"YES") -> 0
A12: Deployment-ready count, No-KG condition | B12: =COUNTIF(NoKG_Scores!L2:L7,"YES") -> 0
A14: Low power caveat: n=6 vs n=12. Report effect direction and magnitude; avoid strong claims from non-significant p-values.
